Territory X Date,target
Afghanistan X 4/11/20,18
Afghanistan X 4/12/20,18
Afghanistan X 4/13/20,21
Afghanistan X 4/14/20,23
Afghanistan X 4/15/20,25
Afghanistan X 4/16/20,30
Afghanistan X 4/17/20,30
Albania X 4/11/20,23
Albania X 4/12/20,23
Albania X 4/13/20,23
Albania X 4/14/20,24
Albania X 4/15/20,25
Albania X 4/16/20,26
Albania X 4/17/20,26
Algeria X 4/11/20,275
Algeria X 4/12/20,293
Algeria X 4/13/20,313
Algeria X 4/14/20,326
Algeria X 4/15/20,336
Algeria X 4/16/20,348
Algeria X 4/17/20,364
Andorra X 4/11/20,26
Andorra X 4/12/20,29
Andorra X 4/13/20,29
Andorra X 4/14/20,31
Andorra X 4/15/20,33
Andorra X 4/16/20,33
Andorra X 4/17/20,35
Angola X 4/11/20,2
Angola X 4/12/20,2
Angola X 4/13/20,2
Angola X 4/14/20,2
Angola X 4/15/20,2
Angola X 4/16/20,2
Angola X 4/17/20,2
Antigua and Barbuda X 4/11/20,2
Antigua and Barbuda X 4/12/20,2
Antigua and Barbuda X 4/13/20,2
Antigua and Barbuda X 4/14/20,2
Antigua and Barbuda X 4/15/20,2
Antigua and Barbuda X 4/16/20,3
Antigua and Barbuda X 4/17/20,3
Argentina X 4/11/20,83
Argentina X 4/12/20,90
Argentina X 4/13/20,97
Argentina X 4/14/20,102
Argentina X 4/15/20,111
Argentina X 4/16/20,115
Argentina X 4/17/20,123
Armenia X 4/11/20,13
Armenia X 4/12/20,13
Armenia X 4/13/20,14
Armenia X 4/14/20,16
Armenia X 4/15/20,17
Armenia X 4/16/20,18
Armenia X 4/17/20,19
Aruba X 4/11/20,0
Aruba X 4/12/20,0
Aruba X 4/13/20,0
Aruba X 4/14/20,0
Aruba X 4/15/20,1
Aruba X 4/16/20,2
Aruba X 4/17/20,2
Australia X 4/11/20,57
Australia X 4/12/20,60
Australia X 4/13/20,61
Australia X 4/14/20,62
Australia X 4/15/20,63
Australia X 4/16/20,63
Australia X 4/17/20,66
Austria X 4/11/20,337
Austria X 4/12/20,350
Austria X 4/13/20,368
Austria X 4/14/20,384
Austria X 4/15/20,393
Austria X 4/16/20,410
Austria X 4/17/20,431
Azerbaijan X 4/11/20,11
Azerbaijan X 4/12/20,11
Azerbaijan X 4/13/20,12
Azerbaijan X 4/14/20,13
Azerbaijan X 4/15/20,13
Azerbaijan X 4/16/20,15
Azerbaijan X 4/17/20,15
Bahamas (the) X 4/11/20,8
Bahamas (the) X 4/12/20,8
Bahamas (the) X 4/13/20,8
Bahamas (the) X 4/14/20,8
Bahamas (the) X 4/15/20,8
Bahamas (the) X 4/16/20,8
Bahamas (the) X 4/17/20,9
Bahrain X 4/11/20,6
Bahrain X 4/12/20,6
Bahrain X 4/13/20,6
Bahrain X 4/14/20,7
Bahrain X 4/15/20,7
Bahrain X 4/16/20,7
Bahrain X 4/17/20,7
Bangladesh X 4/11/20,30
Bangladesh X 4/12/20,34
Bangladesh X 4/13/20,39
Bangladesh X 4/14/20,46
Bangladesh X 4/15/20,50
Bangladesh X 4/16/20,60
Bangladesh X 4/17/20,75
Barbados X 4/11/20,4
Barbados X 4/12/20,4
Barbados X 4/13/20,4
Barbados X 4/14/20,4
Barbados X 4/15/20,5
Barbados X 4/16/20,5
Barbados X 4/17/20,5
Belarus X 4/11/20,23
Belarus X 4/12/20,26
Belarus X 4/13/20,29
Belarus X 4/14/20,33
Belarus X 4/15/20,36
Belarus X 4/16/20,40
Belarus X 4/17/20,42
Belgium X 4/11/20,3346
Belgium X 4/12/20,3600
Belgium X 4/13/20,3903
Belgium X 4/14/20,4157
Belgium X 4/15/20,4440
Belgium X 4/16/20,4857
Belgium X 4/17/20,5163
Belize X 4/11/20,2
Belize X 4/12/20,2
Belize X 4/13/20,2
Belize X 4/14/20,2
Belize X 4/15/20,2
Belize X 4/16/20,2
Belize X 4/17/20,2
Benin X 4/11/20,1
Benin X 4/12/20,1
Benin X 4/13/20,1
Benin X 4/14/20,1
Benin X 4/15/20,1
Benin X 4/16/20,1
Benin X 4/17/20,1
Bermuda X 4/11/20,4
Bermuda X 4/12/20,4
Bermuda X 4/13/20,5
Bermuda X 4/14/20,5
Bermuda X 4/15/20,5
Bermuda X 4/16/20,5
Bermuda X 4/17/20,5
Bhutan X 4/11/20,0
Bhutan X 4/12/20,0
Bhutan X 4/13/20,0
Bhutan X 4/14/20,0
Bhutan X 4/15/20,0
Bhutan X 4/16/20,0
Bhutan X 4/17/20,0
Bolivia (Plurinational State of) X 4/11/20,20
Bolivia (Plurinational State of) X 4/12/20,24
Bolivia (Plurinational State of) X 4/13/20,27
Bolivia (Plurinational State of) X 4/14/20,28
Bolivia (Plurinational State of) X 4/15/20,28
Bolivia (Plurinational State of) X 4/16/20,29
Bolivia (Plurinational State of) X 4/17/20,31
Bosnia and Herzegovina X 4/11/20,37
Bosnia and Herzegovina X 4/12/20,39
Bosnia and Herzegovina X 4/13/20,39
Bosnia and Herzegovina X 4/14/20,40
Bosnia and Herzegovina X 4/15/20,41
Bosnia and Herzegovina X 4/16/20,43
Bosnia and Herzegovina X 4/17/20,46
Botswana X 4/11/20,1
Botswana X 4/12/20,1
Botswana X 4/13/20,1
Botswana X 4/14/20,1
Botswana X 4/15/20,1
Botswana X 4/16/20,1
Botswana X 4/17/20,1
Brazil X 4/11/20,1124
Brazil X 4/12/20,1223
Brazil X 4/13/20,1328
Brazil X 4/14/20,1532
Brazil X 4/15/20,1736
Brazil X 4/16/20,1924
Brazil X 4/17/20,2141
Brunei Darussalam X 4/11/20,1
Brunei Darussalam X 4/12/20,1
Brunei Darussalam X 4/13/20,1
Brunei Darussalam X 4/14/20,1
Brunei Darussalam X 4/15/20,1
Brunei Darussalam X 4/16/20,1
Brunei Darussalam X 4/17/20,1
Bulgaria X 4/11/20,28
Bulgaria X 4/12/20,29
Bulgaria X 4/13/20,32
Bulgaria X 4/14/20,35
Bulgaria X 4/15/20,36
Bulgaria X 4/16/20,38
Bulgaria X 4/17/20,41
Burkina Faso X 4/11/20,27
Burkina Faso X 4/12/20,27
Burkina Faso X 4/13/20,27
Burkina Faso X 4/14/20,30
Burkina Faso X 4/15/20,32
Burkina Faso X 4/16/20,32
Burkina Faso X 4/17/20,35
Burundi X 4/11/20,0
Burundi X 4/12/20,0
Burundi X 4/13/20,1
Burundi X 4/14/20,1
Burundi X 4/15/20,1
Burundi X 4/16/20,1
Burundi X 4/17/20,1
Cabo Verde X 4/11/20,1
Cabo Verde X 4/12/20,1
Cabo Verde X 4/13/20,1
Cabo Verde X 4/14/20,1
Cabo Verde X 4/15/20,1
Cabo Verde X 4/16/20,1
Cabo Verde X 4/17/20,1
Cambodia X 4/11/20,0
Cambodia X 4/12/20,0
Cambodia X 4/13/20,0
Cambodia X 4/14/20,0
Cambodia X 4/15/20,0
Cambodia X 4/16/20,0
Cambodia X 4/17/20,0
Cameroon X 4/11/20,12
Cameroon X 4/12/20,12
Cameroon X 4/13/20,12
Cameroon X 4/14/20,14
Cameroon X 4/15/20,17
Cameroon X 4/16/20,22
Cameroon X 4/17/20,22
Canada X 4/11/20,654
Canada X 4/12/20,714
Canada X 4/13/20,779
Canada X 4/14/20,899
Canada X 4/15/20,1006
Canada X 4/16/20,1257
Canada X 4/17/20,1354
Cayman Islands X 4/11/20,1
Cayman Islands X 4/12/20,1
Cayman Islands X 4/13/20,1
Cayman Islands X 4/14/20,1
Cayman Islands X 4/15/20,1
Cayman Islands X 4/16/20,1
Cayman Islands X 4/17/20,1
Central African Republic (the) X 4/11/20,0
Central African Republic (the) X 4/12/20,0
Central African Republic (the) X 4/13/20,0
Central African Republic (the) X 4/14/20,0
Central African Republic (the) X 4/15/20,0
Central African Republic (the) X 4/16/20,0
Central African Republic (the) X 4/17/20,0
Chad X 4/11/20,0
Chad X 4/12/20,0
Chad X 4/13/20,0
Chad X 4/14/20,0
Chad X 4/15/20,0
Chad X 4/16/20,0
Chad X 4/17/20,0
Chile X 4/11/20,73
Chile X 4/12/20,80
Chile X 4/13/20,82
Chile X 4/14/20,92
Chile X 4/15/20,94
Chile X 4/16/20,105
Chile X 4/17/20,116
China X 4/11/20,3343
China X 4/12/20,3343
China X 4/13/20,3345
China X 4/14/20,3345
China X 4/15/20,3346
China X 4/16/20,3346
China X 4/17/20,4636
Colombia X 4/11/20,100
Colombia X 4/12/20,109
Colombia X 4/13/20,112
Colombia X 4/14/20,127
Colombia X 4/15/20,131
Colombia X 4/16/20,144
Colombia X 4/17/20,153
Comoros (the) X 4/11/20,0
Comoros (the) X 4/12/20,0
Comoros (the) X 4/13/20,0
Comoros (the) X 4/14/20,0
Comoros (the) X 4/15/20,0
Comoros (the) X 4/16/20,0
Comoros (the) X 4/17/20,0
Congo (the) X 4/11/20,5
Congo (the) X 4/12/20,5
Congo (the) X 4/13/20,5
Congo (the) X 4/14/20,5
Congo (the) X 4/15/20,5
Congo (the) X 4/16/20,5
Congo (the) X 4/17/20,6
Costa Rica X 4/11/20,3
Costa Rica X 4/12/20,3
Costa Rica X 4/13/20,3
Costa Rica X 4/14/20,3
Costa Rica X 4/15/20,4
Costa Rica X 4/16/20,4
Costa Rica X 4/17/20,4
Croatia X 4/11/20,21
Croatia X 4/12/20,23
Croatia X 4/13/20,25
Croatia X 4/14/20,31
Croatia X 4/15/20,33
Croatia X 4/16/20,35
Croatia X 4/17/20,36
Cuba X 4/11/20,16
Cuba X 4/12/20,18
Cuba X 4/13/20,21
Cuba X 4/14/20,21
Cuba X 4/15/20,24
Cuba X 4/16/20,27
Cuba X 4/17/20,31
Curacao X 4/11/20,1
Curacao X 4/12/20,1
Curacao X 4/13/20,1
Curacao X 4/14/20,1
Curacao X 4/15/20,1
Curacao X 4/16/20,1
Curacao X 4/17/20,1
Cyprus X 4/11/20,10
Cyprus X 4/12/20,11
Cyprus X 4/13/20,12
Cyprus X 4/14/20,12
Cyprus X 4/15/20,12
Cyprus X 4/16/20,12
Cyprus X 4/17/20,12
Czechia X 4/11/20,129
Czechia X 4/12/20,138
Czechia X 4/13/20,143
Czechia X 4/14/20,161
Czechia X 4/15/20,166
Czechia X 4/16/20,169
Czechia X 4/17/20,173
Côte d'Ivoire X 4/11/20,4
Côte d'Ivoire X 4/12/20,5
Côte d'Ivoire X 4/13/20,6
Côte d'Ivoire X 4/14/20,6
Côte d'Ivoire X 4/15/20,6
Côte d'Ivoire X 4/16/20,6
Côte d'Ivoire X 4/17/20,6
Democratic People's Republic of Korea (the) X 4/11/20,211
Democratic People's Republic of Korea (the) X 4/12/20,214
Democratic People's Republic of Korea (the) X 4/13/20,217
Democratic People's Republic of Korea (the) X 4/14/20,222
Democratic People's Republic of Korea (the) X 4/15/20,225
Democratic People's Republic of Korea (the) X 4/16/20,229
Democratic People's Republic of Korea (the) X 4/17/20,230
Democratic Republic of the Congo (the) X 4/11/20,20
Democratic Republic of the Congo (the) X 4/12/20,20
Democratic Republic of the Congo (the) X 4/13/20,20
Democratic Republic of the Congo (the) X 4/14/20,20
Democratic Republic of the Congo (the) X 4/15/20,21
Democratic Republic of the Congo (the) X 4/16/20,22
Democratic Republic of the Congo (the) X 4/17/20,23
Denmark X 4/11/20,260
Denmark X 4/12/20,273
Denmark X 4/13/20,285
Denmark X 4/14/20,299
Denmark X 4/15/20,309
Denmark X 4/16/20,321
Denmark X 4/17/20,336
Djibouti X 4/11/20,2
Djibouti X 4/12/20,2
Djibouti X 4/13/20,2
Djibouti X 4/14/20,2
Djibouti X 4/15/20,2
Djibouti X 4/16/20,2
Djibouti X 4/17/20,2
Dominica X 4/11/20,0
Dominica X 4/12/20,0
Dominica X 4/13/20,0
Dominica X 4/14/20,0
Dominica X 4/15/20,0
Dominica X 4/16/20,0
Dominica X 4/17/20,0
Dominican Republic (the) X 4/11/20,135
Dominican Republic (the) X 4/12/20,173
Dominican Republic (the) X 4/13/20,177
Dominican Republic (the) X 4/14/20,183
Dominican Republic (the) X 4/15/20,189
Dominican Republic (the) X 4/16/20,196
Dominican Republic (the) X 4/17/20,200
Ecuador X 4/11/20,315
Ecuador X 4/12/20,333
Ecuador X 4/13/20,355
Ecuador X 4/14/20,369
Ecuador X 4/15/20,388
Ecuador X 4/16/20,403
Ecuador X 4/17/20,421
Egypt X 4/11/20,146
Egypt X 4/12/20,159
Egypt X 4/13/20,164
Egypt X 4/14/20,178
Egypt X 4/15/20,183
Egypt X 4/16/20,196
Egypt X 4/17/20,205
El Salvador X 4/11/20,6
El Salvador X 4/12/20,6
El Salvador X 4/13/20,6
El Salvador X 4/14/20,6
El Salvador X 4/15/20,6
El Salvador X 4/16/20,6
El Salvador X 4/17/20,7
Equatorial Guinea X 4/11/20,0
Equatorial Guinea X 4/12/20,0
Equatorial Guinea X 4/13/20,0
Equatorial Guinea X 4/14/20,0
Equatorial Guinea X 4/15/20,0
Equatorial Guinea X 4/16/20,0
Equatorial Guinea X 4/17/20,0
Eritrea X 4/11/20,0
Eritrea X 4/12/20,0
Eritrea X 4/13/20,0
Eritrea X 4/14/20,0
Eritrea X 4/15/20,0
Eritrea X 4/16/20,0
Eritrea X 4/17/20,0
Estonia X 4/11/20,24
Estonia X 4/12/20,25
Estonia X 4/13/20,28
Estonia X 4/14/20,31
Estonia X 4/15/20,35
Estonia X 4/16/20,36
Estonia X 4/17/20,38
Eswatini X 4/11/20,0
Eswatini X 4/12/20,0
Eswatini X 4/13/20,0
Eswatini X 4/14/20,0
Eswatini X 4/15/20,0
Eswatini X 4/16/20,1
Eswatini X 4/17/20,1
Ethiopia X 4/11/20,3
Ethiopia X 4/12/20,3
Ethiopia X 4/13/20,3
Ethiopia X 4/14/20,3
Ethiopia X 4/15/20,3
Ethiopia X 4/16/20,3
Ethiopia X 4/17/20,3
Faroe Islands X 4/11/20,0
Faroe Islands X 4/12/20,0
Faroe Islands X 4/13/20,0
Faroe Islands X 4/14/20,0
Faroe Islands X 4/15/20,0
Faroe Islands X 4/16/20,0
Faroe Islands X 4/17/20,0
Fiji X 4/11/20,0
Fiji X 4/12/20,0
Fiji X 4/13/20,0
Fiji X 4/14/20,0
Fiji X 4/15/20,0
Fiji X 4/16/20,0
Fiji X 4/17/20,0
Finland X 4/11/20,49
Finland X 4/12/20,56
Finland X 4/13/20,59
Finland X 4/14/20,64
Finland X 4/15/20,72
Finland X 4/16/20,75
Finland X 4/17/20,82
France X 4/11/20,13838
France X 4/12/20,14399
France X 4/13/20,14973
France X 4/14/20,15735
France X 4/15/20,17175
France X 4/16/20,17928
France X 4/17/20,18689
French Guiana X 4/11/20,0
French Guiana X 4/12/20,0
French Guiana X 4/13/20,0
French Guiana X 4/14/20,0
French Guiana X 4/15/20,0
French Guiana X 4/16/20,0
French Guiana X 4/17/20,0
French Polynesia X 4/11/20,0
French Polynesia X 4/12/20,0
French Polynesia X 4/13/20,0
French Polynesia X 4/14/20,0
French Polynesia X 4/15/20,0
French Polynesia X 4/16/20,0
French Polynesia X 4/17/20,0
Gabon X 4/11/20,1
Gabon X 4/12/20,1
Gabon X 4/13/20,1
Gabon X 4/14/20,1
Gabon X 4/15/20,1
Gabon X 4/16/20,1
Gabon X 4/17/20,1
Gambia (the) X 4/11/20,1
Gambia (the) X 4/12/20,1
Gambia (the) X 4/13/20,1
Gambia (the) X 4/14/20,1
Gambia (the) X 4/15/20,1
Gambia (the) X 4/16/20,1
Gambia (the) X 4/17/20,1
Georgia X 4/11/20,3
Georgia X 4/12/20,3
Georgia X 4/13/20,3
Georgia X 4/14/20,3
Georgia X 4/15/20,3
Georgia X 4/16/20,3
Georgia X 4/17/20,3
Germany X 4/11/20,2736
Germany X 4/12/20,3022
Germany X 4/13/20,3194
Germany X 4/14/20,3294
Germany X 4/15/20,3804
Germany X 4/16/20,4052
Germany X 4/17/20,4352
Ghana X 4/11/20,8
Ghana X 4/12/20,8
Ghana X 4/13/20,8
Ghana X 4/14/20,8
Ghana X 4/15/20,8
Ghana X 4/16/20,8
Ghana X 4/17/20,8
Greece X 4/11/20,93
Greece X 4/12/20,98
Greece X 4/13/20,99
Greece X 4/14/20,101
Greece X 4/15/20,102
Greece X 4/16/20,105
Greece X 4/17/20,108
Greenland X 4/11/20,0
Greenland X 4/12/20,0
Greenland X 4/13/20,0
Greenland X 4/14/20,0
Greenland X 4/15/20,0
Greenland X 4/16/20,0
Greenland X 4/17/20,0
Grenada X 4/11/20,0
Grenada X 4/12/20,0
Grenada X 4/13/20,0
Grenada X 4/14/20,0
Grenada X 4/15/20,0
Grenada X 4/16/20,0
Grenada X 4/17/20,0
Guadeloupe X 4/11/20,8
Guadeloupe X 4/12/20,8
Guadeloupe X 4/13/20,8
Guadeloupe X 4/14/20,8
Guadeloupe X 4/15/20,8
Guadeloupe X 4/16/20,8
Guadeloupe X 4/17/20,8
Guatemala X 4/11/20,3
Guatemala X 4/12/20,5
Guatemala X 4/13/20,5
Guatemala X 4/14/20,5
Guatemala X 4/15/20,5
Guatemala X 4/16/20,5
Guatemala X 4/17/20,7
Guinea X 4/11/20,0
Guinea X 4/12/20,0
Guinea X 4/13/20,0
Guinea X 4/14/20,0
Guinea X 4/15/20,1
Guinea X 4/16/20,1
Guinea X 4/17/20,3
Guinea-Bissau X 4/11/20,0
Guinea-Bissau X 4/12/20,0
Guinea-Bissau X 4/13/20,0
Guinea-Bissau X 4/14/20,0
Guinea-Bissau X 4/15/20,0
Guinea-Bissau X 4/16/20,0
Guinea-Bissau X 4/17/20,0
Guyana X 4/11/20,6
Guyana X 4/12/20,6
Guyana X 4/13/20,6
Guyana X 4/14/20,6
Guyana X 4/15/20,6
Guyana X 4/16/20,6
Guyana X 4/17/20,6
Haiti X 4/11/20,2
Haiti X 4/12/20,3
Haiti X 4/13/20,3
Haiti X 4/14/20,3
Haiti X 4/15/20,3
Haiti X 4/16/20,3
Haiti X 4/17/20,3
Honduras X 4/11/20,24
Honduras X 4/12/20,25
Honduras X 4/13/20,25
Honduras X 4/14/20,26
Honduras X 4/15/20,31
Honduras X 4/16/20,35
Honduras X 4/17/20,41
Hungary X 4/11/20,85
Hungary X 4/12/20,99
Hungary X 4/13/20,109
Hungary X 4/14/20,122
Hungary X 4/15/20,134
Hungary X 4/16/20,142
Hungary X 4/17/20,156
Iceland X 4/11/20,8
Iceland X 4/12/20,8
Iceland X 4/13/20,8
Iceland X 4/14/20,8
Iceland X 4/15/20,8
Iceland X 4/16/20,8
Iceland X 4/17/20,9
India X 4/11/20,288
India X 4/12/20,331
India X 4/13/20,358
India X 4/14/20,393
India X 4/15/20,405
India X 4/16/20,448
India X 4/17/20,486
Indonesia X 4/11/20,327
Indonesia X 4/12/20,373
Indonesia X 4/13/20,399
Indonesia X 4/14/20,459
Indonesia X 4/15/20,469
Indonesia X 4/16/20,496
Indonesia X 4/17/20,520
Iran (Islamic Republic of) X 4/11/20,4357
Iran (Islamic Republic of) X 4/12/20,4474
Iran (Islamic Republic of) X 4/13/20,4585
Iran (Islamic Republic of) X 4/14/20,4683
Iran (Islamic Republic of) X 4/15/20,4777
Iran (Islamic Republic of) X 4/16/20,4869
Iran (Islamic Republic of) X 4/17/20,4958
Iraq X 4/11/20,72
Iraq X 4/12/20,76
Iraq X 4/13/20,78
Iraq X 4/14/20,78
Iraq X 4/15/20,79
Iraq X 4/16/20,80
Iraq X 4/17/20,81
Ireland X 4/11/20,320
Ireland X 4/12/20,334
Ireland X 4/13/20,365
Ireland X 4/14/20,406
Ireland X 4/15/20,444
Ireland X 4/16/20,486
Ireland X 4/17/20,530
Israel X 4/11/20,101
Israel X 4/12/20,103
Israel X 4/13/20,116
Israel X 4/14/20,123
Israel X 4/15/20,130
Israel X 4/16/20,142
Israel X 4/17/20,151
Italy X 4/11/20,19468
Italy X 4/12/20,19899
Italy X 4/13/20,20465
Italy X 4/14/20,21067
Italy X 4/15/20,21645
Italy X 4/16/20,22170
Italy X 4/17/20,22745
Jamaica X 4/11/20,4
Jamaica X 4/12/20,4
Jamaica X 4/13/20,4
Jamaica X 4/14/20,4
Jamaica X 4/15/20,5
Jamaica X 4/16/20,5
Jamaica X 4/17/20,5
Japan X 4/11/20,99
Japan X 4/12/20,108
Japan X 4/13/20,123
Japan X 4/14/20,143
Japan X 4/15/20,146
Japan X 4/16/20,178
Japan X 4/17/20,190
Jordan X 4/11/20,7
Jordan X 4/12/20,7
Jordan X 4/13/20,7
Jordan X 4/14/20,7
Jordan X 4/15/20,7
Jordan X 4/16/20,7
Jordan X 4/17/20,7
Kazakhstan X 4/11/20,10
Kazakhstan X 4/12/20,10
Kazakhstan X 4/13/20,12
Kazakhstan X 4/14/20,14
Kazakhstan X 4/15/20,16
Kazakhstan X 4/16/20,17
Kazakhstan X 4/17/20,17
Kenya X 4/11/20,7
Kenya X 4/12/20,8
Kenya X 4/13/20,9
Kenya X 4/14/20,9
Kenya X 4/15/20,10
Kenya X 4/16/20,11
Kenya X 4/17/20,11
Kiribati X 4/11/20,0
Kiribati X 4/12/20,0
Kiribati X 4/13/20,0
Kiribati X 4/14/20,0
Kiribati X 4/15/20,0
Kiribati X 4/16/20,0
Kiribati X 4/17/20,0
Kuwait X 4/11/20,1
Kuwait X 4/12/20,1
Kuwait X 4/13/20,2
Kuwait X 4/14/20,3
Kuwait X 4/15/20,3
Kuwait X 4/16/20,3
Kuwait X 4/17/20,5
Kyrgyzstan X 4/11/20,5
Kyrgyzstan X 4/12/20,5
Kyrgyzstan X 4/13/20,5
Kyrgyzstan X 4/14/20,5
Kyrgyzstan X 4/15/20,5
Kyrgyzstan X 4/16/20,5
Kyrgyzstan X 4/17/20,5
Lao People's Democratic Republic (the) X 4/11/20,0
Lao People's Democratic Republic (the) X 4/12/20,0
Lao People's Democratic Republic (the) X 4/13/20,0
Lao People's Democratic Republic (the) X 4/14/20,0
Lao People's Democratic Republic (the) X 4/15/20,0
Lao People's Democratic Republic (the) X 4/16/20,0
Lao People's Democratic Republic (the) X 4/17/20,0
Latvia X 4/11/20,3
Latvia X 4/12/20,5
Latvia X 4/13/20,5
Latvia X 4/14/20,5
Latvia X 4/15/20,5
Latvia X 4/16/20,5
Latvia X 4/17/20,5
Lebanon X 4/11/20,20
Lebanon X 4/12/20,20
Lebanon X 4/13/20,20
Lebanon X 4/14/20,21
Lebanon X 4/15/20,21
Lebanon X 4/16/20,21
Lebanon X 4/17/20,21
Lesotho X 4/11/20,0
Lesotho X 4/12/20,0
Lesotho X 4/13/20,0
Lesotho X 4/14/20,0
Lesotho X 4/15/20,0
Lesotho X 4/16/20,0
Lesotho X 4/17/20,0
Liberia X 4/11/20,5
Liberia X 4/12/20,5
Liberia X 4/13/20,6
Liberia X 4/14/20,6
Liberia X 4/15/20,6
Liberia X 4/16/20,6
Liberia X 4/17/20,7
Libya X 4/11/20,1
Libya X 4/12/20,1
Libya X 4/13/20,1
Libya X 4/14/20,1
Libya X 4/15/20,1
Libya X 4/16/20,1
Libya X 4/17/20,1
Liechtenstein X 4/11/20,1
Liechtenstein X 4/12/20,1
Liechtenstein X 4/13/20,1
Liechtenstein X 4/14/20,1
Liechtenstein X 4/15/20,1
Liechtenstein X 4/16/20,1
Liechtenstein X 4/17/20,1
Lithuania X 4/11/20,23
Lithuania X 4/12/20,23
Lithuania X 4/13/20,24
Lithuania X 4/14/20,29
Lithuania X 4/15/20,30
Lithuania X 4/16/20,32
Lithuania X 4/17/20,33
Luxembourg X 4/11/20,62
Luxembourg X 4/12/20,66
Luxembourg X 4/13/20,69
Luxembourg X 4/14/20,67
Luxembourg X 4/15/20,69
Luxembourg X 4/16/20,69
Luxembourg X 4/17/20,72
Madagascar X 4/11/20,0
Madagascar X 4/12/20,0
Madagascar X 4/13/20,0
Madagascar X 4/14/20,0
Madagascar X 4/15/20,0
Madagascar X 4/16/20,0
Madagascar X 4/17/20,0
Malawi X 4/11/20,2
Malawi X 4/12/20,2
Malawi X 4/13/20,2
Malawi X 4/14/20,2
Malawi X 4/15/20,2
Malawi X 4/16/20,2
Malawi X 4/17/20,2
Malaysia X 4/11/20,73
Malaysia X 4/12/20,76
Malaysia X 4/13/20,77
Malaysia X 4/14/20,82
Malaysia X 4/15/20,83
Malaysia X 4/16/20,84
Malaysia X 4/17/20,86
Maldives X 4/11/20,0
Maldives X 4/12/20,0
Maldives X 4/13/20,0
Maldives X 4/14/20,0
Maldives X 4/15/20,0
Maldives X 4/16/20,0
Maldives X 4/17/20,0
Mali X 4/11/20,7
Mali X 4/12/20,9
Mali X 4/13/20,10
Mali X 4/14/20,13
Mali X 4/15/20,13
Mali X 4/16/20,13
Mali X 4/17/20,13
Malta X 4/11/20,3
Malta X 4/12/20,3
Malta X 4/13/20,3
Malta X 4/14/20,3
Malta X 4/15/20,3
Malta X 4/16/20,3
Malta X 4/17/20,3
Marshall Islands (the) X 4/11/20,0
Marshall Islands (the) X 4/12/20,0
Marshall Islands (the) X 4/13/20,0
Marshall Islands (the) X 4/14/20,0
Marshall Islands (the) X 4/15/20,0
Marshall Islands (the) X 4/16/20,0
Marshall Islands (the) X 4/17/20,0
Mauritania X 4/11/20,1
Mauritania X 4/12/20,1
Mauritania X 4/13/20,1
Mauritania X 4/14/20,1
Mauritania X 4/15/20,1
Mauritania X 4/16/20,1
Mauritania X 4/17/20,1
Mauritius X 4/11/20,9
Mauritius X 4/12/20,9
Mauritius X 4/13/20,9
Mauritius X 4/14/20,9
Mauritius X 4/15/20,9
Mauritius X 4/16/20,9
Mauritius X 4/17/20,9
Mayotte X 4/11/20,3
Mayotte X 4/12/20,3
Mayotte X 4/13/20,3
Mayotte X 4/14/20,3
Mayotte X 4/15/20,3
Mayotte X 4/16/20,3
Mayotte X 4/17/20,4
Mexico X 4/11/20,233
Mexico X 4/12/20,273
Mexico X 4/13/20,296
Mexico X 4/14/20,332
Mexico X 4/15/20,406
Mexico X 4/16/20,449
Mexico X 4/17/20,486
Micronesia (Federated States of) X 4/11/20,0
Micronesia (Federated States of) X 4/12/20,0
Micronesia (Federated States of) X 4/13/20,0
Micronesia (Federated States of) X 4/14/20,0
Micronesia (Federated States of) X 4/15/20,0
Micronesia (Federated States of) X 4/16/20,0
Micronesia (Federated States of) X 4/17/20,0
Monaco X 4/11/20,1
Monaco X 4/12/20,1
Monaco X 4/13/20,1
Monaco X 4/14/20,1
Monaco X 4/15/20,3
Monaco X 4/16/20,3
Monaco X 4/17/20,3
Mongolia X 4/11/20,0
Mongolia X 4/12/20,0
Mongolia X 4/13/20,0
Mongolia X 4/14/20,0
Mongolia X 4/15/20,0
Mongolia X 4/16/20,0
Mongolia X 4/17/20,0
Montenegro X 4/11/20,2
Montenegro X 4/12/20,3
Montenegro X 4/13/20,3
Montenegro X 4/14/20,4
Montenegro X 4/15/20,4
Montenegro X 4/16/20,4
Montenegro X 4/17/20,5
Montserrat X 4/11/20,0
Montserrat X 4/12/20,0
Montserrat X 4/13/20,0
Montserrat X 4/14/20,0
Montserrat X 4/15/20,0
Montserrat X 4/16/20,0
Montserrat X 4/17/20,0
Morocco X 4/11/20,111
Morocco X 4/12/20,118
Morocco X 4/13/20,126
Morocco X 4/14/20,126
Morocco X 4/15/20,127
Morocco X 4/16/20,130
Morocco X 4/17/20,135
Mozambique X 4/11/20,0
Mozambique X 4/12/20,0
Mozambique X 4/13/20,0
Mozambique X 4/14/20,0
Mozambique X 4/15/20,0
Mozambique X 4/16/20,0
Mozambique X 4/17/20,0
Myanmar X 4/11/20,0
Myanmar X 4/12/20,0
Myanmar X 4/13/20,0
Myanmar X 4/14/20,0
Myanmar X 4/15/20,0
Myanmar X 4/16/20,0
Myanmar X 4/17/20,0
Namibia X 4/11/20,0
Namibia X 4/12/20,0
Namibia X 4/13/20,0
Namibia X 4/14/20,0
Namibia X 4/15/20,0
Namibia X 4/16/20,0
Namibia X 4/17/20,0
Nauru X 4/11/20,0
Nauru X 4/12/20,0
Nauru X 4/13/20,0
Nauru X 4/14/20,0
Nauru X 4/15/20,0
Nauru X 4/16/20,0
Nauru X 4/17/20,0
Nepal X 4/11/20,0
Nepal X 4/12/20,0
Nepal X 4/13/20,0
Nepal X 4/14/20,0
Nepal X 4/15/20,0
Nepal X 4/16/20,0
Nepal X 4/17/20,0
Netherlands (the) X 4/11/20,2652
Netherlands (the) X 4/12/20,2746
Netherlands (the) X 4/13/20,2832
Netherlands (the) X 4/14/20,2954
Netherlands (the) X 4/15/20,3143
Netherlands (the) X 4/16/20,3324
Netherlands (the) X 4/17/20,3468
New Caledonia X 4/11/20,0
New Caledonia X 4/12/20,0
New Caledonia X 4/13/20,0
New Caledonia X 4/14/20,0
New Caledonia X 4/15/20,0
New Caledonia X 4/16/20,0
New Caledonia X 4/17/20,0
New Zealand X 4/11/20,4
New Zealand X 4/12/20,4
New Zealand X 4/13/20,5
New Zealand X 4/14/20,9
New Zealand X 4/15/20,9
New Zealand X 4/16/20,9
New Zealand X 4/17/20,11
Nicaragua X 4/11/20,1
Nicaragua X 4/12/20,1
Nicaragua X 4/13/20,1
Nicaragua X 4/14/20,1
Nicaragua X 4/15/20,1
Nicaragua X 4/16/20,1
Nicaragua X 4/17/20,1
Niger (the) X 4/11/20,11
Niger (the) X 4/12/20,12
Niger (the) X 4/13/20,12
Niger (the) X 4/14/20,14
Niger (the) X 4/15/20,14
Niger (the) X 4/16/20,14
Niger (the) X 4/17/20,18
Nigeria X 4/11/20,10
Nigeria X 4/12/20,10
Nigeria X 4/13/20,10
Nigeria X 4/14/20,11
Nigeria X 4/15/20,12
Nigeria X 4/16/20,13
Nigeria X 4/17/20,17
North Macedonia X 4/11/20,34
North Macedonia X 4/12/20,34
North Macedonia X 4/13/20,38
North Macedonia X 4/14/20,44
North Macedonia X 4/15/20,45
North Macedonia X 4/16/20,46
North Macedonia X 4/17/20,49
Norway X 4/11/20,119
Norway X 4/12/20,128
Norway X 4/13/20,134
Norway X 4/14/20,139
Norway X 4/15/20,150
Norway X 4/16/20,152
Norway X 4/17/20,161
Oman X 4/11/20,3
Oman X 4/12/20,4
Oman X 4/13/20,4
Oman X 4/14/20,4
Oman X 4/15/20,4
Oman X 4/16/20,4
Oman X 4/17/20,6
Pakistan X 4/11/20,86
Pakistan X 4/12/20,91
Pakistan X 4/13/20,93
Pakistan X 4/14/20,96
Pakistan X 4/15/20,111
Pakistan X 4/16/20,128
Pakistan X 4/17/20,135
Palau X 4/11/20,0
Palau X 4/12/20,0
Palau X 4/13/20,0
Palau X 4/14/20,0
Palau X 4/15/20,0
Palau X 4/16/20,0
Palau X 4/17/20,0
Panama X 4/11/20,74
Panama X 4/12/20,79
Panama X 4/13/20,87
Panama X 4/14/20,94
Panama X 4/15/20,95
Panama X 4/16/20,103
Panama X 4/17/20,109
Papua New Guinea X 4/11/20,0
Papua New Guinea X 4/12/20,0
Papua New Guinea X 4/13/20,0
Papua New Guinea X 4/14/20,0
Papua New Guinea X 4/15/20,0
Papua New Guinea X 4/16/20,0
Papua New Guinea X 4/17/20,0
Paraguay X 4/11/20,6
Paraguay X 4/12/20,6
Paraguay X 4/13/20,6
Paraguay X 4/14/20,7
Paraguay X 4/15/20,8
Paraguay X 4/16/20,8
Paraguay X 4/17/20,8
Peru X 4/11/20,181
Peru X 4/12/20,193
Peru X 4/13/20,216
Peru X 4/14/20,230
Peru X 4/15/20,254
Peru X 4/16/20,274
Peru X 4/17/20,300
Philippines (the) X 4/11/20,247
Philippines (the) X 4/12/20,297
Philippines (the) X 4/13/20,315
Philippines (the) X 4/14/20,335
Philippines (the) X 4/15/20,349
Philippines (the) X 4/16/20,362
Philippines (the) X 4/17/20,387
Poland X 4/11/20,208
Poland X 4/12/20,232
Poland X 4/13/20,245
Poland X 4/14/20,263
Poland X 4/15/20,286
Poland X 4/16/20,314
Poland X 4/17/20,332
Portugal X 4/11/20,470
Portugal X 4/12/20,504
Portugal X 4/13/20,535
Portugal X 4/14/20,567
Portugal X 4/15/20,599
Portugal X 4/16/20,629
Portugal X 4/17/20,657
Qatar X 4/11/20,6
Qatar X 4/12/20,7
Qatar X 4/13/20,7
Qatar X 4/14/20,7
Qatar X 4/15/20,7
Qatar X 4/16/20,7
Qatar X 4/17/20,7
Republic of Korea (the) X 4/11/20,0
Republic of Korea (the) X 4/12/20,0
Republic of Korea (the) X 4/13/20,0
Republic of Korea (the) X 4/14/20,0
Republic of Korea (the) X 4/15/20,0
Republic of Korea (the) X 4/16/20,0
Republic of Korea (the) X 4/17/20,0
Republic of Moldova (the) X 4/11/20,30
Republic of Moldova (the) X 4/12/20,31
Republic of Moldova (the) X 4/13/20,35
Republic of Moldova (the) X 4/14/20,40
Republic of Moldova (the) X 4/15/20,46
Republic of Moldova (the) X 4/16/20,54
Republic of Moldova (the) X 4/17/20,56
Reunion X 4/11/20,0
Reunion X 4/12/20,0
Reunion X 4/13/20,0
Reunion X 4/14/20,0
Reunion X 4/15/20,0
Reunion X 4/16/20,0
Reunion X 4/17/20,0
Romania X 4/11/20,291
Romania X 4/12/20,316
Romania X 4/13/20,331
Romania X 4/14/20,351
Romania X 4/15/20,372
Romania X 4/16/20,392
Romania X 4/17/20,411
Russian Federation (the) X 4/11/20,106
Russian Federation (the) X 4/12/20,130
Russian Federation (the) X 4/13/20,148
Russian Federation (the) X 4/14/20,170
Russian Federation (the) X 4/15/20,198
Russian Federation (the) X 4/16/20,232
Russian Federation (the) X 4/17/20,273
Rwanda X 4/11/20,0
Rwanda X 4/12/20,0
Rwanda X 4/13/20,0
Rwanda X 4/14/20,0
Rwanda X 4/15/20,0
Rwanda X 4/16/20,0
Rwanda X 4/17/20,0
Saint Barthelemy X 4/11/20,0
Saint Barthelemy X 4/12/20,0
Saint Barthelemy X 4/13/20,0
Saint Barthelemy X 4/14/20,0
Saint Barthelemy X 4/15/20,0
Saint Barthelemy X 4/16/20,0
Saint Barthelemy X 4/17/20,0
Saint Kitts and Nevis X 4/11/20,0
Saint Kitts and Nevis X 4/12/20,0
Saint Kitts and Nevis X 4/13/20,0
Saint Kitts and Nevis X 4/14/20,0
Saint Kitts and Nevis X 4/15/20,0
Saint Kitts and Nevis X 4/16/20,0
Saint Kitts and Nevis X 4/17/20,0
Saint Lucia X 4/11/20,0
Saint Lucia X 4/12/20,0
Saint Lucia X 4/13/20,0
Saint Lucia X 4/14/20,0
Saint Lucia X 4/15/20,0
Saint Lucia X 4/16/20,0
Saint Lucia X 4/17/20,0
Saint Vincent and the Grenadines X 4/11/20,0
Saint Vincent and the Grenadines X 4/12/20,0
Saint Vincent and the Grenadines X 4/13/20,0
Saint Vincent and the Grenadines X 4/14/20,0
Saint Vincent and the Grenadines X 4/15/20,0
Saint Vincent and the Grenadines X 4/16/20,0
Saint Vincent and the Grenadines X 4/17/20,0
Samoa X 4/11/20,0
Samoa X 4/12/20,0
Samoa X 4/13/20,0
Samoa X 4/14/20,0
Samoa X 4/15/20,0
Samoa X 4/16/20,0
Samoa X 4/17/20,0
San Marino X 4/11/20,35
San Marino X 4/12/20,35
San Marino X 4/13/20,35
San Marino X 4/14/20,36
San Marino X 4/15/20,36
San Marino X 4/16/20,38
San Marino X 4/17/20,39
Sao Tome and Principe X 4/11/20,0
Sao Tome and Principe X 4/12/20,0
Sao Tome and Principe X 4/13/20,0
Sao Tome and Principe X 4/14/20,0
Sao Tome and Principe X 4/15/20,0
Sao Tome and Principe X 4/16/20,0
Sao Tome and Principe X 4/17/20,0
Saudi Arabia X 4/11/20,52
Saudi Arabia X 4/12/20,59
Saudi Arabia X 4/13/20,65
Saudi Arabia X 4/14/20,73
Saudi Arabia X 4/15/20,79
Saudi Arabia X 4/16/20,83
Saudi Arabia X 4/17/20,87
Senegal X 4/11/20,2
Senegal X 4/12/20,2
Senegal X 4/13/20,2
Senegal X 4/14/20,2
Senegal X 4/15/20,2
Senegal X 4/16/20,2
Senegal X 4/17/20,2
Serbia X 4/11/20,74
Serbia X 4/12/20,80
Serbia X 4/13/20,85
Serbia X 4/14/20,94
Serbia X 4/15/20,99
Serbia X 4/16/20,103
Serbia X 4/17/20,110
Seychelles X 4/11/20,0
Seychelles X 4/12/20,0
Seychelles X 4/13/20,0
Seychelles X 4/14/20,0
Seychelles X 4/15/20,0
Seychelles X 4/16/20,0
Seychelles X 4/17/20,0
Sierra Leone X 4/11/20,0
Sierra Leone X 4/12/20,0
Sierra Leone X 4/13/20,0
Sierra Leone X 4/14/20,0
Sierra Leone X 4/15/20,0
Sierra Leone X 4/16/20,0
Sierra Leone X 4/17/20,0
Singapore X 4/11/20,8
Singapore X 4/12/20,8
Singapore X 4/13/20,9
Singapore X 4/14/20,10
Singapore X 4/15/20,10
Singapore X 4/16/20,10
Singapore X 4/17/20,11
Slovakia X 4/11/20,2
Slovakia X 4/12/20,2
Slovakia X 4/13/20,2
Slovakia X 4/14/20,2
Slovakia X 4/15/20,6
Slovakia X 4/16/20,8
Slovakia X 4/17/20,9
Slovenia X 4/11/20,50
Slovenia X 4/12/20,53
Slovenia X 4/13/20,55
Slovenia X 4/14/20,56
Slovenia X 4/15/20,61
Slovenia X 4/16/20,61
Slovenia X 4/17/20,66
Solomon Islands X 4/11/20,0
Solomon Islands X 4/12/20,0
Solomon Islands X 4/13/20,0
Solomon Islands X 4/14/20,0
Solomon Islands X 4/15/20,0
Solomon Islands X 4/16/20,0
Solomon Islands X 4/17/20,0
Somalia X 4/11/20,1
Somalia X 4/12/20,1
Somalia X 4/13/20,2
Somalia X 4/14/20,2
Somalia X 4/15/20,5
Somalia X 4/16/20,5
Somalia X 4/17/20,6
South Africa X 4/11/20,25
South Africa X 4/12/20,25
South Africa X 4/13/20,27
South Africa X 4/14/20,27
South Africa X 4/15/20,34
South Africa X 4/16/20,48
South Africa X 4/17/20,50
South Sudan X 4/11/20,2
South Sudan X 4/12/20,2
South Sudan X 4/13/20,4
South Sudan X 4/14/20,5
South Sudan X 4/15/20,5
South Sudan X 4/16/20,5
South Sudan X 4/17/20,6
Spain X 4/11/20,16606
Spain X 4/12/20,17209
Spain X 4/13/20,17756
Spain X 4/14/20,18056
Spain X 4/15/20,18708
Spain X 4/16/20,19315
Spain X 4/17/20,20002
Sri Lanka X 4/11/20,7
Sri Lanka X 4/12/20,7
Sri Lanka X 4/13/20,7
Sri Lanka X 4/14/20,7
Sri Lanka X 4/15/20,7
Sri Lanka X 4/16/20,7
Sri Lanka X 4/17/20,7
St Martin X 4/11/20,2
St Martin X 4/12/20,2
St Martin X 4/13/20,2
St Martin X 4/14/20,2
St Martin X 4/15/20,2
St Martin X 4/16/20,2
St Martin X 4/17/20,2
Sudan (the) X 4/11/20,0
Sudan (the) X 4/12/20,0
Sudan (the) X 4/13/20,0
Sudan (the) X 4/14/20,0
Sudan (the) X 4/15/20,0
Sudan (the) X 4/16/20,0
Sudan (the) X 4/17/20,0
Suriname X 4/11/20,1
Suriname X 4/12/20,1
Suriname X 4/13/20,1
Suriname X 4/14/20,1
Suriname X 4/15/20,1
Suriname X 4/16/20,1
Suriname X 4/17/20,1
Sweden X 4/11/20,887
Sweden X 4/12/20,899
Sweden X 4/13/20,919
Sweden X 4/14/20,1033
Sweden X 4/15/20,1203
Sweden X 4/16/20,1333
Sweden X 4/17/20,1400
Switzerland X 4/11/20,1036
Switzerland X 4/12/20,1106
Switzerland X 4/13/20,1138
Switzerland X 4/14/20,1174
Switzerland X 4/15/20,1239
Switzerland X 4/16/20,1281
Switzerland X 4/17/20,1327
Syrian Arab Republic (the) X 4/11/20,2
Syrian Arab Republic (the) X 4/12/20,2
Syrian Arab Republic (the) X 4/13/20,2
Syrian Arab Republic (the) X 4/14/20,2
Syrian Arab Republic (the) X 4/15/20,2
Syrian Arab Republic (the) X 4/16/20,2
Syrian Arab Republic (the) X 4/17/20,2
Taiwan X 4/11/20,6
Taiwan X 4/12/20,6
Taiwan X 4/13/20,6
Taiwan X 4/14/20,6
Taiwan X 4/15/20,6
Taiwan X 4/16/20,6
Taiwan X 4/17/20,6
Tajikistan X 4/11/20,0
Tajikistan X 4/12/20,0
Tajikistan X 4/13/20,0
Tajikistan X 4/14/20,0
Tajikistan X 4/15/20,0
Tajikistan X 4/16/20,0
Tajikistan X 4/17/20,0
Thailand X 4/11/20,35
Thailand X 4/12/20,38
Thailand X 4/13/20,40
Thailand X 4/14/20,41
Thailand X 4/15/20,43
Thailand X 4/16/20,46
Thailand X 4/17/20,47
Timor-Leste X 4/11/20,0
Timor-Leste X 4/12/20,0
Timor-Leste X 4/13/20,0
Timor-Leste X 4/14/20,0
Timor-Leste X 4/15/20,0
Timor-Leste X 4/16/20,0
Timor-Leste X 4/17/20,0
Togo X 4/11/20,3
Togo X 4/12/20,3
Togo X 4/13/20,3
Togo X 4/14/20,3
Togo X 4/15/20,3
Togo X 4/16/20,5
Togo X 4/17/20,5
Tonga X 4/11/20,0
Tonga X 4/12/20,0
Tonga X 4/13/20,0
Tonga X 4/14/20,0
Tonga X 4/15/20,0
Tonga X 4/16/20,0
Tonga X 4/17/20,0
Trinidad and Tobago X 4/11/20,8
Trinidad and Tobago X 4/12/20,8
Trinidad and Tobago X 4/13/20,8
Trinidad and Tobago X 4/14/20,8
Trinidad and Tobago X 4/15/20,8
Trinidad and Tobago X 4/16/20,8
Trinidad and Tobago X 4/17/20,8
Tunisia X 4/11/20,28
Tunisia X 4/12/20,31
Tunisia X 4/13/20,34
Tunisia X 4/14/20,34
Tunisia X 4/15/20,35
Tunisia X 4/16/20,37
Tunisia X 4/17/20,37
Turkey X 4/11/20,1101
Turkey X 4/12/20,1198
Turkey X 4/13/20,1296
Turkey X 4/14/20,1403
Turkey X 4/15/20,1518
Turkey X 4/16/20,1643
Turkey X 4/17/20,1769
Turkmenistan X 4/11/20,0
Turkmenistan X 4/12/20,0
Turkmenistan X 4/13/20,0
Turkmenistan X 4/14/20,0
Turkmenistan X 4/15/20,0
Turkmenistan X 4/16/20,0
Turkmenistan X 4/17/20,0
Tuvalu X 4/11/20,0
Tuvalu X 4/12/20,0
Tuvalu X 4/13/20,0
Tuvalu X 4/14/20,0
Tuvalu X 4/15/20,0
Tuvalu X 4/16/20,0
Tuvalu X 4/17/20,0
Uganda X 4/11/20,0
Uganda X 4/12/20,0
Uganda X 4/13/20,0
Uganda X 4/14/20,0
Uganda X 4/15/20,0
Uganda X 4/16/20,0
Uganda X 4/17/20,0
Ukraine X 4/11/20,73
Ukraine X 4/12/20,83
Ukraine X 4/13/20,93
Ukraine X 4/14/20,98
Ukraine X 4/15/20,108
Ukraine X 4/16/20,116
Ukraine X 4/17/20,125
United Arab Emirates (the) X 4/11/20,20
United Arab Emirates (the) X 4/12/20,22
United Arab Emirates (the) X 4/13/20,25
United Arab Emirates (the) X 4/14/20,28
United Arab Emirates (the) X 4/15/20,33
United Arab Emirates (the) X 4/16/20,35
United Arab Emirates (the) X 4/17/20,37
United Kingdom of Great Britain and Northern Ireland (the) X 4/11/20,9887
United Kingdom of Great Britain and Northern Ireland (the) X 4/12/20,10624
United Kingdom of Great Britain and Northern Ireland (the) X 4/13/20,11341
United Kingdom of Great Britain and Northern Ireland (the) X 4/14/20,12123
United Kingdom of Great Britain and Northern Ireland (the) X 4/15/20,12888
United Kingdom of Great Britain and Northern Ireland (the) X 4/16/20,13753
United Kingdom of Great Britain and Northern Ireland (the) X 4/17/20,14601
United Republic of Tanzania (the) X 4/11/20,3
United Republic of Tanzania (the) X 4/12/20,3
United Republic of Tanzania (the) X 4/13/20,3
United Republic of Tanzania (the) X 4/14/20,3
United Republic of Tanzania (the) X 4/15/20,4
United Republic of Tanzania (the) X 4/16/20,4
United Republic of Tanzania (the) X 4/17/20,5
United States of America (the) X 4/11/20,20462
United States of America (the) X 4/12/20,22019
United States of America (the) X 4/13/20,23528
United States of America (the) X 4/14/20,25831
United States of America (the) X 4/15/20,28325
United States of America (the) X 4/16/20,32916
United States of America (the) X 4/17/20,36773
Uruguay X 4/11/20,7
Uruguay X 4/12/20,7
Uruguay X 4/13/20,8
Uruguay X 4/14/20,8
Uruguay X 4/15/20,8
Uruguay X 4/16/20,9
Uruguay X 4/17/20,9
Uzbekistan X 4/11/20,4
Uzbekistan X 4/12/20,4
Uzbekistan X 4/13/20,4
Uzbekistan X 4/14/20,4
Uzbekistan X 4/15/20,4
Uzbekistan X 4/16/20,4
Uzbekistan X 4/17/20,4
Vanuatu X 4/11/20,0
Vanuatu X 4/12/20,0
Vanuatu X 4/13/20,0
Vanuatu X 4/14/20,0
Vanuatu X 4/15/20,0
Vanuatu X 4/16/20,0
Vanuatu X 4/17/20,0
Venezuela (Bolivarian Republic of) X 4/11/20,9
Venezuela (Bolivarian Republic of) X 4/12/20,9
Venezuela (Bolivarian Republic of) X 4/13/20,9
Venezuela (Bolivarian Republic of) X 4/14/20,9
Venezuela (Bolivarian Republic of) X 4/15/20,9
Venezuela (Bolivarian Republic of) X 4/16/20,9
Venezuela (Bolivarian Republic of) X 4/17/20,9
Viet Nam X 4/11/20,0
Viet Nam X 4/12/20,0
Viet Nam X 4/13/20,0
Viet Nam X 4/14/20,0
Viet Nam X 4/15/20,0
Viet Nam X 4/16/20,0
Viet Nam X 4/17/20,0
Yemen X 4/11/20,0
Yemen X 4/12/20,0
Yemen X 4/13/20,0
Yemen X 4/14/20,0
Yemen X 4/15/20,0
Yemen X 4/16/20,0
Yemen X 4/17/20,0
Zambia X 4/11/20,2
Zambia X 4/12/20,2
Zambia X 4/13/20,2
Zambia X 4/14/20,2
Zambia X 4/15/20,2
Zambia X 4/16/20,2
Zambia X 4/17/20,2
Zimbabwe X 4/11/20,3
Zimbabwe X 4/12/20,3
Zimbabwe X 4/13/20,3
Zimbabwe X 4/14/20,3
Zimbabwe X 4/15/20,3
Zimbabwe X 4/16/20,3
Zimbabwe X 4/17/20,3
